-- phpMyAdmin SQL Dump
-- version 5.1.1
-- https://www.phpmyadmin.net/
--
-- Host: 127.0.0.1
-- Waktu pembuatan: 14 Jun 2022 pada 02.57
-- Versi server: 10.4.22-MariaDB
-- Versi PHP: 7.4.26

SET SQL_MODE = "NO_AUTO_VALUE_ON_ZERO";
START TRANSACTION;
SET time_zone = "+00:00";


/*!40101 SET @OLD_CHARACTER_SET_CLIENT=@@CHARACTER_SET_CLIENT */;
/*!40101 SET @OLD_CHARACTER_SET_RESULTS=@@CHARACTER_SET_RESULTS */;
/*!40101 SET @OLD_COLLATION_CONNECTION=@@COLLATION_CONNECTION */;
/*!40101 SET NAMES utf8mb4 */;

--
-- Database: `warehouse_database`
--

-- --------------------------------------------------------

--
-- Struktur dari tabel `department`
--

CREATE TABLE `department` (
  `dept_code` varchar(50) NOT NULL,
  `name` varchar(200) NOT NULL
) ENGINE=InnoDB DEFAULT CHARSET=utf8mb4;

-- --------------------------------------------------------

--
-- Struktur dari tabel `history`
--

CREATE TABLE `history` (
  `id` int(11) NOT NULL,
  `date` datetime NOT NULL,
  `doc_num` varchar(100) NOT NULL,
  `description` varchar(200) NOT NULL
) ENGINE=InnoDB DEFAULT CHARSET=utf8mb4;

-- --------------------------------------------------------

--
-- Struktur dari tabel `history_transaction`
--

CREATE TABLE `history_transaction` (
  `id` int(11) NOT NULL,
  `doc_date` date NOT NULL,
  `system_date` date NOT NULL,
  `source_doc` varchar(50) NOT NULL,
  `destination_doc` varchar(50) NOT NULL,
  `item_code` varchar(50) NOT NULL,
  `qty` int(11) NOT NULL,
  `warehouse_code` varchar(50) NOT NULL
) ENGINE=InnoDB DEFAULT CHARSET=utf8mb4;

--
-- Dumping data untuk tabel `history_transaction`
--

INSERT INTO `history_transaction` (`id`, `doc_date`, `system_date`, `source_doc`, `destination_doc`, `item_code`, `qty`, `warehouse_code`) VALUES
(1, '2022-05-04', '2022-05-05', 'EQSI-C02220504003', 'EQWO-C02220313013', '0209-000305', -6, 'BYP0-3-01'),
(2, '2022-05-05', '2022-05-05', 'EQSI-C02220505005', 'EQWO-C02220408011', '0209-000305', -2, 'BYP0-3-01'),
(3, '2022-05-05', '2022-05-05', 'EQSI-C02220505008', 'EQWO-C02220428002', '0209-000305', -5, 'BYP0-3-01'),
(4, '2022-05-08', '2022-05-08', 'EQSI-C02220506007', 'EQWO-C02220506014', '0209-000305', -10, 'BYP0-3-01'),
(5, '2022-05-08', '2022-05-08', 'EQSI-C02220505004', 'EQWO-C02220313024', '0209-000305', -3, 'BYP0-3-01'),
(6, '2022-05-08', '2022-05-08', 'EQSI-C02220504002', 'EQWO-C02220313024', '0209-000305', -2, 'BYP0-3-01'),
(7, '2022-05-09', '2022-05-09', 'EQSI-C02220509003', 'EQWO-C02220509016', '0209-000305', -5, 'BYP0-3-01'),
(8, '2022-05-09', '2022-05-09', 'MI01-C02220500201', 'MI01-C02220500201', '0209-000305', -3, 'BYP0-3-01'),
(9, '2022-05-10', '2022-05-11', 'EQSI-C02220510039', 'EQWO-C02220510027', '0209-000305', -5, 'BYP0-3-01'),
(10, '2022-05-10', '2022-05-11', 'EQSI-C02220510040', 'EQWO-C02220510013', '0209-000305', -4, 'BYP0-3-01'),
(11, '2022-05-10', '2022-05-10', 'WT01-C02220500100', 'WT01-C02220500100', '0209-000305', -2, 'BYP0-3-01'),
(12, '2022-05-10', '2022-05-10', 'EQSI-C02220510016', 'EQWO-C02220414022', '0209-000305', -2, 'BYP0-3-01'),
(13, '2022-05-10', '2022-05-10', 'EQSI-C02220510017', 'EQWO-C02220418011', '0209-000305', -2, 'BYP0-3-01'),
(14, '2022-05-10', '2022-05-10', 'EQSI-C02220510023', 'EQWO-C02220505018', '0209-000305', -10, 'BYP0-3-01'),
(15, '2022-05-10', '2022-05-10', 'EQSI-C02220510004', 'EQWO-C02220509016', '0209-000305', -2, 'BYP0-3-01'),
(16, '2022-05-10', '2022-05-10', 'EQSI-C02220510004', 'EQWO-C02220509016', '0209-000305', -7, 'BYP0-3-01'),
(17, '2022-05-10', '2022-05-10', 'EQSI-C02220510006', 'EQWO-C02220510013', '0209-000305', -6, 'BYP0-3-01'),
(18, '2022-05-10', '2022-05-10', 'EQSI-C02220510008', 'EQWO-C02220510016', '0209-000305', -5, 'BYP0-3-01'),
(19, '2022-05-10', '2022-05-10', 'MI01-C02220500277', 'MI01-C02220500277', '0209-000305', -3, 'BYP0-3-01'),
(20, '2022-05-10', '2022-05-10', 'MI01-C02220500278', 'MI01-C02220500278', '0209-000305', -4, 'BYP0-3-01'),
(21, '2022-05-11', '2022-05-11', 'EQSI-C02220511022', 'EQWO-C02220509009', '0209-000305', -1, 'BYP0-3-01'),
(22, '2022-05-17', '2022-05-17', 'EQSI-C02220513029', 'EQWO-C02220513004', '0209-000305', -10, 'BYP0-3-01'),
(23, '2022-05-17', '2022-05-17', 'EQSI-C02220517020', 'EQWO-C02220517020', '0209-000305', -4, 'BYP0-3-01'),
(24, '2022-05-18', '2022-05-18', 'WT01-C02220500190', 'WT01-C02220500190', '0209-000305', -2, 'BYP0-3-01'),
(25, '2022-05-18', '2022-05-18', 'EQSI-C02220518025', 'EQWO-C02220517023', '0209-000305', -1, 'BYP0-3-01'),
(26, '2022-05-18', '2022-05-18', 'EQSI-C02220518057', 'EQWO-C02220518021', '0209-000305', -5, 'BYP0-3-01'),
(27, '2022-05-18', '2022-05-18', 'EQSI-C02220518057', 'EQWO-C02220518021', '0209-000305', -10, 'BYP0-3-01'),
(28, '2022-05-18', '2022-05-18', 'EQSI-C02220518057', 'EQWO-C02220518021', '0209-000305', -3, 'BYP0-3-01'),
(29, '2022-05-18', '2022-05-18', 'EQSI-C02220518057', 'EQWO-C02220518021', '0209-000305', -5, 'BYP0-3-01'),
(30, '2022-05-19', '2022-05-19', 'MI01-C02220500648', 'MI01-C02220500648', '0209-000305', -3, 'BYP0-3-01'),
(31, '2022-05-19', '2022-05-19', 'EQSI-C02220519013', 'EQWO-C02220518021', '0209-000305', -2, 'BYP0-3-01'),
(32, '2022-05-19', '2022-05-19', 'EQSI-C02220519013', 'EQWO-C02220518021', '0209-000305', -7, 'BYP0-3-01'),
(33, '2022-05-20', '2022-05-20', 'EQSI-C02220520011', 'EQWO-C02220512015', '0209-000305', -4, 'BYP0-3-01'),
(34, '2022-05-20', '2022-05-20', 'EQSI-C02220519026', 'EQWO-C02220104091', '0209-000305', -3, 'BYP0-3-01'),
(35, '2022-05-20', '2022-05-20', 'EQSI-C02220520001', 'EQWO-C02220414023', '0209-000305', -2, 'BYP0-3-01'),
(36, '2022-05-20', '2022-05-20', 'EQSI-C02220520031', 'EQWO-C02220520003', '0209-000305', -6, 'BYP0-3-01'),
(37, '2022-05-21', '2022-05-23', 'GR02-C02220500198', 'SI02-C02220500197', '0209-000305', 100, 'BYP0-3-01'),
(38, '2022-05-23', '2022-05-23', 'EQSI-C02220523005', 'EQWO-C02220512018', '0209-000305', -4, 'BYP0-3-01'),
(39, '2022-05-23', '2022-05-23', 'EQSI-C02220523004', 'EQWO-C02220518021', '0209-000305', -5, 'BYP0-3-01'),
(40, '2022-05-23', '2022-05-23', 'EQSI-C02220523017', 'EQWO-C02220511015', '0209-000305', -5, 'BYP0-3-01'),
(41, '2022-05-24', '2022-05-24', 'MI01-C02220500820', 'MI01-C02220500820', '0209-000305', -3, 'BYP0-3-01'),
(42, '2022-05-27', '2022-05-27', 'GR02-C02220500280', 'SI02-C02220500269', '0209-000305', 9, 'BYP0-3-01'),
(43, '2022-05-27', '2022-05-27', 'MI01-C02220500892', 'MI01-C02220500892', '0209-000305', -3, 'BYP0-3-01'),
(44, '2022-05-27', '2022-05-27', 'EQSI-C02220527013', 'EQWO-C02220527002', '0209-000305', -4, 'BYP0-3-01'),
(45, '2022-05-27', '2022-05-27', 'EQSI-C02220527013', 'EQWO-C02220527002', '0209-000305', -5, 'BYP0-3-01'),
(46, '2022-05-29', '2022-05-29', 'EQSI-C02220527026', 'EQWO-C02220527014', '0209-000305', -10, 'BYP0-3-01'),
(47, '2022-05-30', '2022-05-30', 'EQSI-C02220530001', 'EQWO-C02220512011', '0209-000305', -5, 'BYP0-3-01'),
(48, '2022-05-30', '2022-05-30', 'EQSI-C02220530007', 'EQWO-C02220511005', '0209-000305', -1, 'BYP0-3-01'),
(49, '2022-05-30', '2022-05-30', 'EQSI-C02220530009', 'EQWO-C02220530011', '0209-000305', -3, 'BYP0-3-01'),
(50, '2022-05-31', '2022-05-31', 'EQSI-C02220531007', 'EQWO-C02220509016', '0209-000305', -5, 'BYP0-3-01'),
(51, '2022-05-31', '2022-05-31', 'EQSI-C02220531007', 'EQWO-C02220509016', '0209-000305', -8, 'BYP0-3-01'),
(52, '2022-05-31', '2022-05-31', 'EQSI-C02220531009', 'EQWO-C02220510027', '0209-000305', -10, 'BYP0-3-01'),
(53, '2022-05-31', '2022-05-31', 'EQSI-C02220531015', 'EQWO-C02220531004', '0209-000305', -2, 'BYP0-3-01'),
(54, '2022-05-31', '2022-05-31', 'EQSI-C02220531021', 'EQWO-C02220512011', '0209-000305', -3, 'BYP0-3-01'),
(55, '2022-05-31', '2022-05-31', 'MI01-C02220501046', 'MI01-C02220501046', '0209-000305', -4, 'BYP0-3-01'),
(56, '2022-05-31', '2022-05-31', 'MI01-C02220501048', 'MI01-C02220501048', '0209-000305', -3, 'BYP0-3-01'),
(57, '2022-06-02', '2022-06-09', 'EQSI-C02220531048', 'EQWO-C02220531019', '0209-000305', -2, 'BYP0-3-01'),
(58, '2022-06-02', '2022-06-02', 'EQSI-C02220527037', 'EQWO-C02220527020', '0209-000305', -2, 'BYP0-3-01'),
(59, '2022-06-02', '2022-06-02', 'GR02-C02220500359', 'SI02-C02220600031', '0209-000305', 91, 'BYP0-3-01'),
(60, '2022-06-02', '2022-06-02', 'WT01-C02220600016', 'WT01-C02220600016', '0209-000305', -2, 'BYP0-3-01'),
(61, '2022-06-02', '2022-06-02', 'EQSI-C02220602026', 'EQWO-C02220512011', '0209-000305', -10, 'BYP0-3-01'),
(62, '2022-06-02', '2022-06-02', 'EQSI-C02220602027', 'EQWO-C02220512018', '0209-000305', -2, 'BYP0-3-01'),
(63, '2022-06-02', '2022-06-02', 'EQSI-C02220602028', 'EQWO-C02220512016', '0209-000305', -2, 'BYP0-3-01'),
(64, '2022-06-03', '2022-06-06', 'EQSI-C02220603031', 'EQWO-C02220603016', '0209-000305', -2, 'BYP0-3-01'),
(65, '2022-06-03', '2022-06-03', 'MI01-C02220600088', 'MI01-C02220600088', '0209-000305', -2, 'BYP0-3-01'),
(66, '2022-06-03', '2022-06-03', 'EQSI-C02220603015', 'EQWO-C02220603009', '0209-000305', -10, 'BYP0-3-01'),
(67, '2022-06-03', '2022-06-03', 'EQSI-C02220603027', 'EQWO-C02220602039', '0209-000305', -3, 'BYP0-3-01'),
(68, '2022-06-06', '2022-06-06', 'MI01-C02220600136', 'MI01-C02220600136', '0209-000305', -4, 'BYP0-3-01'),
(69, '2022-06-06', '2022-06-06', 'EQSI-C02220606003', 'EQWO-C02220602058', '0209-000305', -6, 'BYP0-3-01'),
(70, '2022-06-06', '2022-06-06', 'EQSI-C02220606010', 'EQWO-C02220606022', '0209-000305', -5, 'BYP0-3-01'),
(71, '2022-06-07', '2022-06-07', 'MI01-C02220600199', 'MI01-C02220600199', '0209-000305', -2, 'BYP0-3-01'),
(72, '2022-06-07', '2022-06-07', 'EQSI-C02220607005', 'EQWO-C02220606023', '0209-000305', -10, 'BYP0-3-01'),
(73, '2022-06-08', '2022-06-09', 'EQSI-C02220608010', 'EQWO-C02220414023', '0209-000305', -2, 'BYP0-3-01'),
(74, '2022-06-08', '2022-06-10', 'MI01-C02220600237', 'MI01-C02220600237', '0209-000305', -4, 'BYP0-3-01'),
(75, '2022-06-09', '2022-06-10', 'EQSI-C02220609024', 'EQWO-C02220414023', '0209-000305', -4, 'BYP0-3-01'),
(76, '2022-06-09', '2022-06-09', 'MI01-C02220600297', 'MI01-C02220600297', '0209-000305', -2, 'BYP0-3-01'),
(77, '2022-06-09', '2022-06-10', 'EQSI-C02220609001', 'EQWO-C02220602054', '0209-000305', -2, 'BYP0-3-01'),
(78, '2022-06-10', '2022-06-10', 'MI01-C02220600315', 'MI01-C02220600315', '0209-000305', -6, 'BYP0-3-01'),
(79, '2022-06-10', '2022-06-10', 'EQSI-C02220610005', 'EQWO-C02220602029', '0209-000305', -3, 'BYP0-3-01'),
(80, '2022-06-10', '2022-06-10', 'EQSI-C02220610016', 'EQWO-C02220602058', '0209-000305', -2, 'BYP0-3-01'),
(81, '2022-06-10', '2022-06-10', 'EQSI-C02220610004', 'EQWO-C02220602020', '0209-000305', -1, 'BYP0-3-01'),
(82, '2022-06-10', '2022-06-10', 'EQSI-C02220610004', 'EQWO-C02220602020', '0209-000305', -2, 'BYP0-3-01'),
(83, '2022-06-11', '2022-06-11', 'MI01-C02220600360', 'MI01-C02220600360', '0209-000305', -3, 'BYP0-3-01'),
(84, '2022-06-13', '2022-06-13', 'EQSI-C02220613012', 'EQWO-C02220613011', '0209-000305', -5, 'BYP0-3-01'),
(85, '2022-06-13', '2022-06-13', 'EQSI-C02220613010', 'EQWO-C02220602058', '0209-000305', -4, 'BYP0-3-01'),
(86, '2022-06-07', '2022-06-07', 'MI01-C02220600187', 'MI01-C02220600187', '0209-000305', -2, 'BYP0-3-08'),
(87, '2022-05-01', '2022-05-01', 'WT01-C02220500006', 'WT01-C02220500006', '0209-000318', -10, 'BYP0-3-01'),
(88, '2022-05-04', '2022-05-04', 'MI01-C02220500061', 'MI01-C02220500061', '0209-000318', -2, 'BYP0-3-01'),
(89, '2022-05-05', '2022-05-05', 'EQSI-C02220505003', 'EQWO-C02220405028', '0209-000318', -5, 'BYP0-3-01'),
(90, '2022-05-05', '2022-05-05', 'WT01-C02220500042', 'WT01-C02220500042', '0209-000318', -20, 'BYP0-3-01'),
(91, '2022-05-05', '2022-05-05', 'MI01-C02220500083', 'MI01-C02220500083', '0209-000318', -20, 'BYP0-3-01'),
(92, '2022-05-08', '2022-05-08', 'WT01-C02220500069', 'WT01-C02220500069', '0209-000318', -20, 'BYP0-3-01'),
(93, '2022-05-08', '2022-05-08', 'EQSI-C02220506001', 'EQWO-C02220115001', '0209-000318', -10, 'BYP0-3-01'),
(94, '2022-05-08', '2022-05-08', 'EQSI-C02220506009', 'EQWO-C02220505018', '0209-000318', -20, 'BYP0-3-01'),
(95, '2022-05-08', '2022-05-08', 'EQSI-C02220504002', 'EQWO-C02220313024', '0209-000318', -20, 'BYP0-3-01'),
(96, '2022-05-08', '2022-05-08', 'EQSI-C02220504002', 'EQWO-C02220313024', '0209-000318', -20, 'BYP0-3-01'),
(97, '2022-05-08', '2022-05-08', 'EQSI-C02220504002', 'EQWO-C02220313024', '0209-000318', -20, 'BYP0-3-01'),
(98, '2022-05-08', '2022-05-08', 'EQSI-C02220504007', 'EQWO-C02220418010', '0209-000318', -10, 'BYP0-3-01'),
(99, '2022-05-09', '2022-05-09', 'WT01-C02220500080', 'WT01-C02220500080', '0209-000318', -20, 'BYP0-3-01'),
(100, '2022-05-09', '2022-05-09', 'MI01-C02220500194', 'MI01-C02220500194', '0209-000318', -20, 'BYP0-3-01'),
(101, '2022-05-09', '2022-05-09', 'EQSI-C02220509028', 'EQWO-C02220412015', '0209-000318', -20, 'BYP0-3-01'),
(102, '2022-05-10', '2022-05-11', 'EQSI-C02220510044', 'EQWO-C02220414023', '0209-000318', -10, 'BYP0-3-01'),
(103, '2022-05-10', '2022-05-10', 'WT01-C02220500100', 'WT01-C02220500100', '0209-000318', -20, 'BYP0-3-01'),
(104, '2022-05-10', '2022-05-10', 'MI01-C02220500265', 'MI01-C02220500265', '0209-000318', -20, 'BYP0-3-01'),
(105, '2022-05-10', '2022-05-10', 'EQSI-C02220510030', 'EQWO-C02220312007', '0209-000318', -10, 'BYP0-3-01'),
(106, '2022-05-10', '2022-05-10', 'EQSI-C02220510003', 'EQWO-C02220510010', '0209-000318', -5, 'BYP0-3-01'),
(107, '2022-05-11', '2022-05-11', 'MI01-C02220500366', 'MI01-C02220500366', '0209-000318', -20, 'BYP0-3-01'),
(108, '2022-05-11', '2022-05-11', 'MI01-C02220500369', 'MI01-C02220500369', '0209-000318', -20, 'BYP0-3-01'),
(109, '2022-05-11', '2022-05-11', 'EQSI-C02220511006', 'EQWO-C02220511010', '0209-000318', -10, 'BYP0-3-01'),
(110, '2022-05-12', '2022-05-12', 'EQSI-C02220512001', 'EQWO-C02220512003', '0209-000318', -12, 'BYP0-3-01'),
(111, '2022-05-12', '2022-05-12', 'WT01-C02220500127', 'WT01-C02220500127', '0209-000318', -20, 'BYP0-3-01'),
(112, '2022-05-17', '2022-05-17', 'EQSI-C02220513033', 'EQWO-C02220513010', '0209-000318', -20, 'BYP0-3-01'),
(113, '2022-05-17', '2022-05-17', 'EQSI-C02220513034', 'EQWO-C02220513011', '0209-000318', -5, 'BYP0-3-01'),
(114, '2022-05-17', '2022-05-17', 'EQSI-C02220513036', 'EQWO-C02220513013', '0209-000318', -10, 'BYP0-3-01'),
(115, '2022-05-17', '2022-05-17', 'EQSI-C02220517004', 'EQWO-C02220326016', '0209-000318', -20, 'BYP0-3-01'),
(116, '2022-05-17', '2022-05-17', 'EQSI-C02220517014', 'EQWO-C02220513014', '0209-000318', -10, 'BYP0-3-01'),
(117, '2022-05-17', '2022-05-17', 'EQSI-C02220517014', 'EQWO-C02220513014', '0209-000318', -10, 'BYP0-3-01'),
(118, '2022-05-17', '2022-05-17', 'EQSI-C02220517018', 'EQWO-C02220517020', '0209-000318', -1, 'BYP0-3-01'),
(119, '2022-05-18', '2022-05-18', 'EQSI-C02220518010', 'EQWO-C02220512018', '0209-000318', -10, 'BYP0-3-01'),
(120, '2022-05-18', '2022-05-18', 'EQSI-C02220518011', 'EQWO-C02220512011', '0209-000318', 0, 'BYP0-3-01'),
(121, '2022-05-19', '2022-05-19', 'EQSI-C02220519001', 'EQWO-C02220421003', '0209-000318', 0, 'BYP0-3-01'),
(122, '2022-05-20', '2022-05-20', 'EQSI-C02220519026', 'EQWO-C02220104091', '0209-000318', -10, 'BYP0-3-01'),
(123, '2022-05-20', '2022-05-20', 'EQSI-C02220520002', 'EQWO-C02220115001', '0209-000318', 0, 'BYP0-3-01'),
(124, '2022-05-21', '2022-05-23', 'WT01-C02220500239', 'WT01-C02220500239', '0209-000318', -20, 'BYP0-3-01'),
(125, '2022-05-23', '2022-05-23', 'GR02-C02220500210', 'SI02-C02220500208', '0209-000318', 500, 'BYP0-3-01'),
(126, '2022-05-23', '2022-05-23', 'EQSI-C02220523004', 'EQWO-C02220518021', '0209-000318', -10, 'BYP0-3-01'),
(127, '2022-05-23', '2022-05-23', 'MI01-C02220500776', 'MI01-C02220500776', '0209-000318', -40, 'BYP0-3-01'),
(128, '2022-05-23', '2022-05-23', 'MI01-C02220500786', 'MI01-C02220500786', '0209-000318', -20, 'BYP0-3-01'),
(129, '2022-05-23', '2022-05-23', 'EQSI-C02220523016', 'EQWO-C02220517025', '0209-000318', -10, 'BYP0-3-01'),
(130, '2022-05-24', '2022-05-24', 'MI01-C02220500832', 'MI01-C02220500832', '0209-000318', -10, 'BYP0-3-01'),
(131, '2022-05-24', '2022-05-24', 'MI01-C02220500843', 'MI01-C02220500843', '0209-000318', -15, 'BYP0-3-01'),
(132, '2022-05-25', '2022-05-25', 'EQSI-C02220525026', 'EQWO-C02220513004', '0209-000318', -20, 'BYP0-3-01'),
(133, '2022-05-25', '2022-05-25', 'EQSI-C02220525045', 'EQWO-C02220511005', '0209-000318', -15, 'BYP0-3-01'),
(134, '2022-05-26', '2022-05-27', 'WT01-C02220500301', 'WT01-C02220500301', '0209-000318', -60, 'BYP0-3-01'),
(135, '2022-05-27', '2022-05-27', 'GR02-C02220500280', 'SI02-C02220500269', '0209-000318', 1000, 'BYP0-3-01'),
(136, '2022-05-29', '2022-05-29', 'MI01-C02220500958', 'MI01-C02220500958', '0209-000318', -20, 'BYP0-3-01'),
(137, '2022-05-30', '2022-05-30', 'EQSI-C02220527016', 'EQWO-C02220513014', '0209-000318', -4, 'BYP0-3-01'),
(138, '2022-05-30', '2022-05-30', 'EQSI-C02220527031', 'EQWO-C02220523031', '0209-000318', -20, 'BYP0-3-01'),
(139, '2022-05-30', '2022-05-30', 'EQSI-C02220530005', 'EQWO-C02220512018', '0209-000318', -20, 'BYP0-3-01'),
(140, '2022-05-30', '2022-05-30', 'EQSI-C02220530009', 'EQWO-C02220530011', '0209-000318', -20, 'BYP0-3-01'),
(141, '2022-05-30', '2022-05-30', 'MI01-C02220501004', 'MI01-C02220501004', '0209-000318', -20, 'BYP0-3-01'),
(142, '2022-05-31', '2022-05-31', 'EQSI-C02220531018', 'EQWO-C02220512018', '0209-000318', -10, 'BYP0-3-01'),
(143, '2022-05-31', '2022-05-31', 'MI01-C02220501046', 'MI01-C02220501046', '0209-000318', -20, 'BYP0-3-01'),
(144, '2022-05-31', '2022-05-31', 'MI01-C02220501049', 'MI01-C02220501049', '0209-000318', -10, 'BYP0-3-01'),
(145, '2022-06-01', '2022-06-01', 'EQSI-C02220601015', 'EQWO-C02220421003', '0209-000318', -10, 'BYP0-3-01'),
(146, '2022-06-01', '2022-06-01', 'EQSI-C02220601013', 'EQWO-C02220414023', '0209-000318', -10, 'BYP0-3-01'),
(147, '2022-06-01', '2022-06-01', 'EQSI-C02220531005', 'EQWO-C02220414023', '0209-000318', -10, 'BYP0-3-01'),
(148, '2022-06-02', '2022-06-02', 'EQSI-C02220531046', 'EQWO-C02220513012', '0209-000318', -5, 'BYP0-3-01'),
(149, '2022-06-02', '2022-06-02', 'EQSI-C02220531046', 'EQWO-C02220513012', '0209-000318', -5, 'BYP0-3-01'),
(150, '2022-06-02', '2022-06-02', 'EQSI-C02220531047', 'EQWO-C02220523029', '0209-000318', -4, 'BYP0-3-01'),
(151, '2022-06-02', '2022-06-02', 'EQSI-C02220531049', 'EQWO-C02220531020', '0209-000318', -20, 'BYP0-3-01'),
(152, '2022-06-02', '2022-06-02', 'EQSI-C02220602014', 'EQWO-C02220602039', '0209-000318', -20, 'BYP0-3-01'),
(153, '2022-06-02', '2022-06-02', 'EQSI-C02220602025', 'EQWO-C02220512016', '0209-000318', -5, 'BYP0-3-01'),
(154, '2022-06-02', '2022-06-09', 'EQSI-C02220602010', 'EQWO-C02220602036', '0209-000318', -15, 'BYP0-3-01'),
(155, '2022-06-03', '2022-06-03', 'EQSI-C02220603003', 'EQWO-C02220421003', '0209-000318', -10, 'BYP0-3-01'),
(156, '2022-06-06', '2022-06-06', 'MI01-C02220600148', 'MI01-C02220600148', '0209-000318', -20, 'BYP0-3-01'),
(157, '2022-06-06', '2022-06-08', 'EQSI-C02220606008', 'EQWO-C02220606021', '0209-000318', -20, 'BYP0-3-01'),
(158, '2022-06-07', '2022-06-08', 'EQSI-C02220607012', 'EQWO-C02220602026', '0209-000318', -20, 'BYP0-3-01'),
(159, '2022-06-07', '2022-06-08', 'EQSI-C02220607016', 'EQWO-C02220607029', '0209-000318', -10, 'BYP0-3-01'),
(160, '2022-06-07', '2022-06-07', 'MI01-C02220600195', 'MI01-C02220600195', '0209-000318', -20, 'BYP0-3-01'),
(161, '2022-06-08', '2022-06-09', 'EQSI-C02220608009', 'EQWO-C02220608015', '0209-000318', -5, 'BYP0-3-01'),
(162, '2022-06-08', '2022-06-08', 'EQSI-C02220608004', 'EQWO-C02220328007', '0209-000318', -10, 'BYP0-3-01'),
(163, '2022-06-08', '2022-06-08', 'EQSI-C02220608011', 'EQWO-C02220608019', '0209-000318', -7, 'BYP0-3-01'),
(164, '2022-06-09', '2022-06-10', 'EQSI-C02220609022', 'EQWO-C02220603004', '0209-000318', -8, 'BYP0-3-01'),
(165, '2022-06-09', '2022-06-10', 'MI01-C02220600299', 'MI01-C02220600299', '0209-000318', -10, 'BYP0-3-01'),
(166, '2022-06-10', '2022-06-10', 'EQSI-C02220610006', 'EQWO-C02220608022', '0209-000318', -5, 'BYP0-3-01'),
(167, '2022-06-10', '2022-06-10', 'EQSI-C02220610002', 'EQWO-C02220421003', '0209-000318', -10, 'BYP0-3-01'),
(168, '2022-06-10', '2022-06-10', 'EQSI-C02220610016', 'EQWO-C02220602058', '0209-000318', 0, 'BYP0-3-01'),
(169, '2022-06-10', '2022-06-10', 'EQSI-C02220610018', 'EQWO-C02220602035', '0209-000318', -20, 'BYP0-3-01'),
(170, '2022-06-10', '2022-06-10', 'MI01-C02220600339', 'MI01-C02220600339', '0209-000318', -20, 'BYP0-3-01'),
(171, '2022-06-10', '2022-06-10', 'EQSI-C02220610014', 'EQWO-C02220610003', '0209-000318', -5, 'BYP0-3-01'),
(172, '2022-06-10', '2022-06-10', 'EQSI-C02220610028', 'EQWO-C02220602059', '0209-000318', -5, 'BYP0-3-01'),
(173, '2022-06-10', '2022-06-10', 'EQSI-C02220610061', 'EQWO-C02220513004', '0209-000318', -20, 'BYP0-3-01'),
(174, '2022-06-11', '2022-06-11', 'MI01-C02220600360', 'MI01-C02220600360', '0209-000318', -5, 'BYP0-3-01'),
(175, '2022-06-11', '2022-06-11', 'EQSI-C02220611002', 'EQWO-C02220115001', '0209-000318', -5, 'BYP0-3-01'),
(176, '2022-06-11', '2022-06-11', 'EQSI-C02220611001', 'EQWO-C02220414023', '0209-000318', -5, 'BYP0-3-01'),
(177, '2022-06-11', '2022-06-11', 'EQSI-C02220611003', 'EQWO-C02220421003', '0209-000318', -5, 'BYP0-3-01'),
(178, '2022-06-11', '2022-06-11', 'WT01-C02220600117', 'WT01-C02220600117', '0209-000318', -20, 'BYP0-3-01'),
(179, '2022-06-13', '2022-06-13', 'EQSI-C02220613013', 'EQWO-C02220613012', '0209-000318', -10, 'BYP0-3-01'),
(180, '2022-06-13', '2022-06-13', 'EQSI-C02220613013', 'EQWO-C02220613012', '0209-000318', -10, 'BYP0-3-01'),
(181, '2022-06-13', '2022-06-13', 'EQSI-C02220613010', 'EQWO-C02220602058', '0209-000318', -10, 'BYP0-3-01'),
(182, '2022-05-12', '2022-05-12', 'MI01-C02220500388', 'MI01-C02220500388', '0209-000318', -22, 'BYP0-3-08'),
(183, '2022-05-26', '2022-05-27', 'WT01-C02220500301', 'WT01-C02220500301', '0209-000318', 60, 'BYP0-3-08'),
(184, '2022-05-27', '2022-05-27', 'MI01-C02220500949', 'MI01-C02220500949', '0209-000318', -3, 'BYP0-3-08'),
(185, '2022-06-04', '2022-06-04', 'MI01-C02220600106', 'MI01-C02220600106', '0209-000318', -3, 'BYP0-3-08'),
(186, '2022-06-09', '2022-06-09', 'MI01-C02220600309', 'MI01-C02220600309', '0209-000318', -6, 'BYP0-3-08'),
(187, '2022-06-13', '2022-06-13', 'MI01-C02220600389', 'MI01-C02220600389', '0209-000318', -10, 'BYP0-3-08'),
(188, '2022-05-01', '2022-05-01', 'MI01-C02220500002', 'MI01-C02220500002', '0210-000029', -3, 'BYP0-3-01'),
(189, '2022-05-04', '2022-05-04', 'MI01-C02220500061', 'MI01-C02220500061', '0210-000029', -3, 'BYP0-3-01'),
(190, '2022-05-05', '2022-05-05', 'EQSI-C02220504010', 'EQWO-C02220418016', '0210-000029', -5, 'BYP0-3-01'),
(191, '2022-05-05', '2022-05-05', 'MI01-C02220500087', 'MI01-C02220500087', '0210-000029', -3, 'BYP0-3-01'),
(192, '2022-05-08', '2022-05-08', 'EQSI-C02220506007', 'EQWO-C02220506014', '0210-000029', -5, 'BYP0-3-01'),
(193, '2022-05-08', '2022-05-08', 'EQSI-C02220504002', 'EQWO-C02220313024', '0210-000029', -5, 'BYP0-3-01'),
(194, '2022-05-08', '2022-05-08', 'EQSI-C02220505006', 'EQWO-C02220313022', '0210-000029', -5, 'BYP0-3-01'),
(195, '2022-05-09', '2022-05-09', 'MI01-C02220500195', 'MI01-C02220500195', '0210-000029', -5, 'BYP0-3-01'),
(196, '2022-05-09', '2022-05-09', 'MI01-C02220500196', 'MI01-C02220500196', '0210-000029', -5, 'BYP0-3-01'),
(197, '2022-05-09', '2022-05-09', 'EQSI-C02220509018', 'EQWO-C02220419011', '0210-000029', -2, 'BYP0-3-01'),
(198, '2022-05-09', '2022-05-09', 'EQSI-C02220509028', 'EQWO-C02220412015', '0210-000029', -3, 'BYP0-3-01'),
(199, '2022-05-09', '2022-05-09', 'EQSI-C02220509012', 'EQWO-C02220418016', '0210-000029', -5, 'BYP0-3-01'),
(200, '2022-05-09', '2022-05-09', 'EQSI-C02220509029', 'EQWO-C02220412019', '0210-000029', -2, 'BYP0-3-01'),
(201, '2022-05-09', '2022-05-09', 'MI01-C02220500205', 'MI01-C02220500205', '0210-000029', -2, 'BYP0-3-01'),
(202, '2022-05-10', '2022-05-10', 'WT01-C02220500100', 'WT01-C02220500100', '0210-000029', -5, 'BYP0-3-01'),
(203, '2022-05-10', '2022-05-10', 'MI01-C02220500263', 'MI01-C02220500263', '0210-000029', -1, 'BYP0-3-01'),
(204, '2022-05-10', '2022-05-10', 'MI01-C02220500264', 'MI01-C02220500264', '0210-000029', -3, 'BYP0-3-01'),
(205, '2022-05-10', '2022-05-10', 'EQSI-C02220510022', 'EQWO-C02220306003', '0210-000029', -6, 'BYP0-3-01'),
(206, '2022-05-10', '2022-05-10', 'EQSI-C02220510026', 'EQWO-C02220408001', '0210-000029', -4, 'BYP0-3-01'),
(207, '2022-05-10', '2022-05-10', 'EQSI-C02220510010', 'EQWO-C02220418017', '0210-000029', -2, 'BYP0-3-01'),
(208, '2022-05-10', '2022-05-10', 'EQSI-C02220510014', 'EQWO-C02220419010', '0210-000029', -4, 'BYP0-3-01'),
(209, '2022-05-10', '2022-05-10', 'EQSI-C02220510023', 'EQWO-C02220505018', '0210-000029', -5, 'BYP0-3-01'),
(210, '2022-05-10', '2022-05-10', 'WT01-C02220500101', 'WT01-C02220500101', '0210-000029', -1, 'BYP0-3-01'),
(211, '2022-05-11', '2022-05-11', 'EQSI-C02220511013', 'EQWO-C02220509017', '0210-000029', -2, 'BYP0-3-01'),
(212, '2022-05-13', '2022-05-13', 'MI01-C02220500424', 'MI01-C02220500424', '0210-000029', -1, 'BYP0-3-01'),
(213, '2022-05-14', '2022-05-14', 'MI01-C02220500455', 'MI01-C02220500455', '0210-000029', -5, 'BYP0-3-01'),
(214, '2022-05-17', '2022-05-17', 'MI01-C02220500533', 'MI01-C02220500533', '0210-000029', -1, 'BYP0-3-01'),
(215, '2022-05-17', '2022-05-17', 'EQSI-C02220513028', 'EQWO-C02220513009', '0210-000029', -1, 'BYP0-3-01'),
(216, '2022-05-17', '2022-05-17', 'EQSI-C02220513029', 'EQWO-C02220513004', '0210-000029', 0, 'BYP0-3-01'),
(217, '2022-05-17', '2022-05-17', 'EQSI-C02220517010', 'EQWO-C02220517014', '0210-000029', 0, 'BYP0-3-01'),
(218, '2022-05-17', '2022-05-17', 'EQSI-C02220517015', 'EQWO-C02220513012', '0210-000029', 0, 'BYP0-3-01'),
(219, '2022-05-17', '2022-05-17', 'EQSI-C02220517016', 'EQWO-C02220517022', '0210-000029', 0, 'BYP0-3-01'),
(220, '2022-05-18', '2022-05-18', 'EQSI-C02220518012', 'EQWO-C02220512015', '0210-000029', 0, 'BYP0-3-01'),
(221, '2022-05-18', '2022-05-18', 'EQSI-C02220518006', 'EQWO-C02220512021', '0210-000029', 0, 'BYP0-3-01'),
(222, '2022-05-19', '2022-05-19', 'GR02-C02220500140', 'SI02-C02220500114', '0210-000029', 480, 'BYP0-3-01'),
(223, '2022-05-19', '2022-05-19', 'EQSI-C02220519006', 'EQWO-C02220511013', '0210-000029', -1, 'BYP0-3-01'),
(224, '2022-05-19', '2022-05-19', 'MI01-C02220500648', 'MI01-C02220500648', '0210-000029', -3, 'BYP0-3-01'),
(225, '2022-05-20', '2022-05-20', 'MI01-C02220500677', 'MI01-C02220500677', '0210-000029', -4, 'BYP0-3-01'),
(226, '2022-05-20', '2022-05-20', 'EQSI-C02220520012', 'EQWO-C02220512018', '0210-000029', -4, 'BYP0-3-01'),
(227, '2022-05-20', '2022-05-20', 'EQSI-C02220520010', 'EQWO-C02220518021', '0210-000029', -3, 'BYP0-3-01'),
(228, '2022-05-20', '2022-05-20', 'EQSI-C02220520016', 'EQWO-C02220428001', '0210-000029', -2, 'BYP0-3-01'),
(229, '2022-05-20', '2022-05-20', 'EQSI-C02220520021', 'EQWO-C02220512003', '0210-000029', -3, 'BYP0-3-01'),
(230, '2022-05-20', '2022-05-20', 'EQSI-C02220520028', 'EQWO-C02220520007', '0210-000029', -2, 'BYP0-3-01'),
(231, '2022-05-20', '2022-05-20', 'EQSI-C02220520025', 'EQWO-C02220520009', '0210-000029', -5, 'BYP0-3-01'),
(232, '2022-05-20', '2022-05-20', 'MI01-C02220500701', 'MI01-C02220500701', '0210-000029', -4, 'BYP0-3-01'),
(233, '2022-05-23', '2022-05-23', 'EQSI-C02220523002', 'EQWO-C02220512016', '0210-000029', -6, 'BYP0-3-01'),
(234, '2022-05-23', '2022-05-23', 'EQSI-C02220523011', 'EQWO-C02220523030', '0210-000029', -1, 'BYP0-3-01'),
(235, '2022-05-23', '2022-05-23', 'EQSI-C02220523013', 'EQWO-C02220523029', '0210-000029', -3, 'BYP0-3-01'),
(236, '2022-05-23', '2022-05-23', 'WT01-C02220500259', 'WT01-C02220500259', '0210-000029', -5, 'BYP0-3-01'),
(237, '2022-05-24', '2022-05-24', 'EQSI-C02220524001', 'EQWO-C02220524004', '0210-000029', -3, 'BYP0-3-01'),
(238, '2022-05-24', '2022-05-24', 'EQSI-C02220524005', 'EQWO-C02220518021', '0210-000029', -3, 'BYP0-3-01'),
(239, '2022-05-24', '2022-05-24', 'MI01-C02220500832', 'MI01-C02220500832', '0210-000029', -2, 'BYP0-3-01'),
(240, '2022-05-25', '2022-05-25', 'MI01-C02220500871', 'MI01-C02220500871', '0210-000029', -1, 'BYP0-3-01'),
(241, '2022-05-25', '2022-05-25', 'EQSI-C02220525019', 'EQWO-C02220525009', '0210-000029', -5, 'BYP0-3-01'),
(242, '2022-05-25', '2022-05-25', 'EQSI-C02220525043', 'EQWO-C02220511010', '0210-000029', -2, 'BYP0-3-01'),
(243, '2022-05-25', '2022-05-25', 'EQSI-C02220525045', 'EQWO-C02220511005', '0210-000029', -10, 'BYP0-3-01'),
(244, '2022-05-26', '2022-05-27', 'WT01-C02220500301', 'WT01-C02220500301', '0210-000029', -72, 'BYP0-3-01'),
(245, '2022-05-27', '2022-05-27', 'GR02-C02220500266', 'SI02-C02220500267', '0210-000029', 600, 'BYP0-3-01'),
(246, '2022-05-27', '2022-05-27', 'MI01-C02220500917', 'MI01-C02220500917', '0210-000029', -1, 'BYP0-3-01'),
(247, '2022-05-27', '2022-05-27', 'EQSI-C02220527009', 'EQWO-C02220527001', '0210-000029', -3, 'BYP0-3-01'),
(248, '2022-05-29', '2022-05-29', 'EQSI-C02220527026', 'EQWO-C02220527014', '0210-000029', -5, 'BYP0-3-01'),
(249, '2022-05-30', '2022-05-30', 'EQSI-C02220527036', 'EQWO-C02220511008', '0210-000029', -2, 'BYP0-3-01'),
(250, '2022-05-30', '2022-05-30', 'EQSI-C02220527016', 'EQWO-C02220513014', '0210-000029', -3, 'BYP0-3-01'),
(251, '2022-05-30', '2022-05-30', 'EQSI-C02220527031', 'EQWO-C02220523031', '0210-000029', -1, 'BYP0-3-01'),
(252, '2022-05-30', '2022-05-30', 'EQSI-C02220527031', 'EQWO-C02220523031', '0210-000029', -3, 'BYP0-3-01'),
(253, '2022-05-30', '2022-05-30', 'EQSI-C02220530001', 'EQWO-C02220512011', '0210-000029', -3, 'BYP0-3-01'),
(254, '2022-05-30', '2022-05-30', 'EQSI-C02220530004', 'EQWO-C02220512016', '0210-000029', -2, 'BYP0-3-01'),
(255, '2022-05-30', '2022-05-30', 'EQSI-C02220530012', 'EQWO-C02220511012', '0210-000029', -3, 'BYP0-3-01'),
(256, '2022-05-30', '2022-05-30', 'EQSI-C02220530019', 'EQWO-C02220527017', '0210-000029', -2, 'BYP0-3-01'),
(257, '2022-05-30', '2022-05-30', 'EQSI-C02220530021', 'EQWO-C02220511011', '0210-000029', -4, 'BYP0-3-01'),
(258, '2022-05-30', '2022-05-30', 'MI01-C02220501003', 'MI01-C02220501003', '0210-000029', -3, 'BYP0-3-01'),
(259, '2022-05-30', '2022-05-30', 'MI01-C02220501005', 'MI01-C02220501005', '0210-000029', -1, 'BYP0-3-01'),
(260, '2022-05-31', '2022-05-31', 'EQSI-C02220531004', 'EQWO-C02220527001', '0210-000029', -3, 'BYP0-3-01'),
(261, '2022-05-31', '2022-05-31', 'EQSI-C02220531014', 'EQWO-C02220512014', '0210-000029', -6, 'BYP0-3-01'),
(262, '2022-06-02', '2022-06-02', 'EQSI-C02220602005', 'EQWO-C02220602021', '0210-000029', -1, 'BYP0-3-01'),
(263, '2022-06-02', '2022-06-02', 'MI01-C02220600023', 'MI01-C02220600023', '0210-000029', -3, 'BYP0-3-01'),
(264, '2022-06-02', '2022-06-02', 'EQSI-C02220602012', 'EQWO-C02220602031', '0210-000029', -1, 'BYP0-3-01'),
(265, '2022-06-02', '2022-06-09', 'EQSI-C02220602010', 'EQWO-C02220602036', '0210-000029', -2, 'BYP0-3-01'),
(266, '2022-06-03', '2022-06-03', 'EQSI-C02220603007', 'EQWO-C02220603003', '0210-000029', -8, 'BYP0-3-01'),
(267, '2022-06-03', '2022-06-03', 'EQSI-C02220603009', 'EQWO-C02220206001', '0210-000029', -5, 'BYP0-3-01'),
(268, '2022-06-03', '2022-06-03', 'EQSI-C02220603010', 'EQWO-C02220603006', '0210-000029', -3, 'BYP0-3-01'),
(269, '2022-06-03', '2022-06-03', 'EQSI-C02220603012', 'EQWO-C02220602036', '0210-000029', -2, 'BYP0-3-01'),
(270, '2022-06-03', '2022-06-03', 'EQSI-C02220603012', 'EQWO-C02220602036', '0210-000029', -2, 'BYP0-3-01'),
(271, '2022-06-03', '2022-06-03', 'EQSI-C02220603015', 'EQWO-C02220603009', '0210-000029', -5, 'BYP0-3-01'),
(272, '2022-06-03', '2022-06-03', 'EQSI-C02220603017', 'EQWO-C02220602058', '0210-000029', -3, 'BYP0-3-01'),
(273, '2022-06-06', '2022-06-06', 'WT01-C02220600038', 'WT01-C02220600038', '0210-000029', -1, 'BYP0-3-01'),
(274, '2022-06-06', '2022-06-06', 'EQSI-C02220606002', 'EQWO-C02220602055', '0210-000029', -5, 'BYP0-3-01'),
(275, '2022-06-06', '2022-06-06', 'EQSI-C02220606024', 'EQWO-C02220603015', '0210-000029', -3, 'BYP0-3-01'),
(276, '2022-06-06', '2022-06-06', 'EQSI-C02220606025', 'EQWO-C02220602024', '0210-000029', -2, 'BYP0-3-01'),
(277, '2022-06-06', '2022-06-09', 'EQSI-C02220606027', 'EQWO-C02220606054', '0210-000029', -4, 'BYP0-3-01'),
(278, '2022-06-07', '2022-06-08', 'EQSI-C02220607019', 'EQWO-C02220602032', '0210-000029', -3, 'BYP0-3-01'),
(279, '2022-06-07', '2022-06-07', 'EQSI-C02220607008', 'EQWO-C02220603005', '0210-000029', -3, 'BYP0-3-01'),
(280, '2022-06-08', '2022-06-08', 'MI01-C02220600222', 'MI01-C02220600222', '0210-000029', -2, 'BYP0-3-01'),
(281, '2022-06-09', '2022-06-10', 'EQSI-C02220609022', 'EQWO-C02220603004', '0210-000029', -4, 'BYP0-3-01'),
(282, '2022-06-09', '2022-06-09', 'MI01-C02220600303', 'MI01-C02220600303', '0210-000029', -2, 'BYP0-3-01'),
(283, '2022-06-09', '2022-06-09', 'EQSI-C02220609014', 'EQWO-C02220609014', '0210-000029', -5, 'BYP0-3-01'),
(284, '2022-06-10', '2022-06-13', 'EQSI-C02220610053', 'EQWO-C02220610020', '0210-000029', -5, 'BYP0-3-01'),
(285, '2022-06-10', '2022-06-10', 'MI01-C02220600326', 'MI01-C02220600326', '0210-000029', -2, 'BYP0-3-01'),
(286, '2022-06-10', '2022-06-10', 'EQSI-C02220610006', 'EQWO-C02220608022', '0210-000029', -3, 'BYP0-3-01'),
(287, '2022-06-10', '2022-06-10', 'EQSI-C02220610008', 'EQWO-C02220610007', '0210-000029', -2, 'BYP0-3-01'),
(288, '2022-06-10', '2022-06-10', 'EQSI-C02220610009', 'EQWO-C02220610006', '0210-000029', -2, 'BYP0-3-01'),
(289, '2022-06-10', '2022-06-10', 'EQSI-C02220610012', 'EQWO-C02220610001', '0210-000029', -6, 'BYP0-3-01'),
(290, '2022-06-10', '2022-06-10', 'EQSI-C02220610004', 'EQWO-C02220602020', '0210-000029', -2, 'BYP0-3-01'),
(291, '2022-06-10', '2022-06-10', 'EQSI-C02220610014', 'EQWO-C02220610003', '0210-000029', -3, 'BYP0-3-01'),
(292, '2022-06-10', '2022-06-10', 'EQSI-C02220610028', 'EQWO-C02220602059', '0210-000029', -5, 'BYP0-3-01'),
(293, '2022-06-12', '2022-06-12', 'MI01-C02220600372', 'MI01-C02220600372', '0210-000029', -5, 'BYP0-3-01'),
(294, '2022-06-12', '2022-06-12', 'MI01-C02220600378', 'MI01-C02220600378', '0210-000029', -3, 'BYP0-3-01'),
(295, '2022-06-12', '2022-06-12', 'MI01-C02220600379', 'MI01-C02220600379', '0210-000029', -3, 'BYP0-3-01'),
(296, '2022-06-12', '2022-06-12', 'WT01-C02220600124', 'WT01-C02220600124', '0210-000029', -4, 'BYP0-3-01'),
(297, '2022-06-12', '2022-06-12', 'WT01-C02220600126', 'WT01-C02220600126', '0210-000029', -4, 'BYP0-3-01'),
(298, '2022-06-13', '2022-06-13', 'EQSI-C02220613017', 'EQWO-C02220527001', '0210-000029', -4, 'BYP0-3-01'),
(299, '2022-06-13', '2022-06-13', 'EQSI-C02220613016', 'EQWO-C02220609011', '0210-000029', -1, 'BYP0-3-01'),
(300, '2022-06-13', '2022-06-13', 'EQSI-C02220613008', 'EQWO-C02220602056', '0210-000029', -3, 'BYP0-3-01'),
(301, '2022-06-13', '2022-06-13', 'EQSI-C02220613010', 'EQWO-C02220602058', '0210-000029', -3, 'BYP0-3-01'),
(302, '2022-05-03', '2022-05-03', 'MI01-C02220500013', 'MI01-C02220500013', '0210-000029', -5, 'BYP0-3-08'),
(303, '2022-05-06', '2022-05-06', 'MI01-C02220500095', 'MI01-C02220500095', '0210-000029', -1, 'BYP0-3-08'),
(304, '2022-05-06', '2022-05-06', 'MI01-C02220500115', 'MI01-C02220500115', '0210-000029', -5, 'BYP0-3-08'),
(305, '2022-05-07', '2022-05-07', 'MI01-C02220500120', 'MI01-C02220500120', '0210-000029', -5, 'BYP0-3-08'),
(306, '2022-05-09', '2022-05-09', 'EQSI-C02220505028', 'EQWO-C02220506011', '0210-000029', -1, 'BYP0-3-08'),
(307, '2022-05-10', '2022-05-10', 'MI01-C02220500319', 'MI01-C02220500319', '0210-000029', -3, 'BYP0-3-08'),
(308, '2022-05-13', '2022-05-13', 'MI01-C02220500421', 'MI01-C02220500421', '0210-000029', -5, 'BYP0-3-08'),
(309, '2022-05-14', '2022-05-14', 'MI01-C02220500445', 'MI01-C02220500445', '0210-000029', -2, 'BYP0-3-08'),
(310, '2022-05-16', '2022-05-16', 'EQSI-C02220515013', 'EQWO-C02220516010', '0210-000029', -1, 'BYP0-3-08'),
(311, '2022-05-16', '2022-05-16', 'MI01-C02220500527', 'MI01-C02220500527', '0210-000029', -5, 'BYP0-3-08'),
(312, '2022-05-19', '2022-05-19', 'MI01-C02220500632', 'MI01-C02220500632', '0210-000029', -7, 'BYP0-3-08'),
(313, '2022-05-19', '2022-05-19', 'MI01-C02220500668', 'MI01-C02220500668', '0210-000029', -1, 'BYP0-3-08'),
(314, '2022-05-26', '2022-05-27', 'WT01-C02220500301', 'WT01-C02220500301', '0210-000029', 72, 'BYP0-3-08'),
(315, '2022-05-27', '2022-05-27', 'MI01-C02220500943', 'MI01-C02220500943', '0210-000029', -5, 'BYP0-3-08'),
(316, '2022-05-28', '2022-05-28', 'MI01-C02220500954', 'MI01-C02220500954', '0210-000029', -5, 'BYP0-3-08'),
(317, '2022-05-29', '2022-05-29', 'MI01-C02220500979', 'MI01-C02220500979', '0210-000029', -2, 'BYP0-3-08'),
(318, '2022-05-31', '2022-05-31', 'MI01-C02220501082', 'MI01-C02220501082', '0210-000029', -5, 'BYP0-3-08'),
(319, '2022-05-31', '2022-05-31', 'MI01-C02220501085', 'MI01-C02220501085', '0210-000029', -3, 'BYP0-3-08'),
(320, '2022-06-03', '2022-06-03', 'MI01-C02220600048', 'MI01-C02220600048', '0210-000029', -3, 'BYP0-3-08'),
(321, '2022-06-04', '2022-06-04', 'MI01-C02220600103', 'MI01-C02220600103', '0210-000029', -5, 'BYP0-3-08'),
(322, '2022-06-05', '2022-06-05', 'MI01-C02220600126', 'MI01-C02220600126', '0210-000029', -2, 'BYP0-3-08'),
(323, '2022-06-07', '2022-06-07', 'MI01-C02220600184', 'MI01-C02220600184', '0210-000029', -5, 'BYP0-3-08'),
(324, '2022-06-07', '2022-06-07', 'MI01-C02220600213', 'MI01-C02220600213', '0210-000029', -5, 'BYP0-3-08'),
(325, '2022-06-09', '2022-06-11', 'MI01-C02220600347', 'MI01-C02220600347', '0210-000029', -5, 'BYP0-3-08'),
(326, '2022-06-10', '2022-06-11', 'MI01-C02220600344', 'MI01-C02220600344', '0210-000029', -2, 'BYP0-3-08'),
(327, '2022-06-10', '2022-06-11', 'MI01-C02220600350', 'MI01-C02220600350', '0210-000029', -5, 'BYP0-3-08');

-- --------------------------------------------------------

--
-- Struktur dari tabel `inventory`
--

CREATE TABLE `inventory` (
  `item_code` varchar(50) NOT NULL,
  `location` varchar(200) NOT NULL,
  `stocks` int(11) NOT NULL,
  `uom_code` varchar(100) NOT NULL,
  `warehouse_code` varchar(50) NOT NULL,
  `equipment` varchar(200) NOT NULL,
  `status` varchar(50) NOT NULL
) ENGINE=InnoDB DEFAULT CHARSET=utf8mb4;

-- --------------------------------------------------------

--
-- Struktur dari tabel `issued`
--

CREATE TABLE `issued` (
  `issued_code` varchar(50) NOT NULL,
  `item_code` varchar(50) NOT NULL,
  `dept_code` varchar(50) NOT NULL,
  `date` date NOT NULL
) ENGINE=InnoDB DEFAULT CHARSET=utf8mb4;

-- --------------------------------------------------------

--
-- Struktur dari tabel `items`
--

CREATE TABLE `items` (
  `item_code` varchar(50) NOT NULL,
  `name` varchar(200) NOT NULL,
  `specification` varchar(200) NOT NULL,
  `uom` varchar(50) NOT NULL,
  `image` varchar(100) DEFAULT NULL
) ENGINE=InnoDB DEFAULT CHARSET=utf8mb4;

--
-- Dumping data untuk tabel `items`
--

INSERT INTO `items` (`item_code`, `name`, `specification`, `uom`, `image`) VALUES
('0209-000305', 'PAINT BRUSH', '3 INCH', 'PCS', '0209-000305.jpg'),
('0209-000318', 'ABRASIVE CUT-OFF WHEEL', 'DIA. 4 INCH, THICKNESS: 1.2 MM', 'PCS', '0209-000318.jpg'),
('0210-000029', 'CONTACT CLEANER ANTI CORROSION', 'WD-40; @333 ML', 'TUBE', '0210-000029.jpg');

-- --------------------------------------------------------

--
-- Struktur dari tabel `lending`
--

CREATE TABLE `lending` (
  `lending_no` varchar(50) NOT NULL,
  `lending_date` date NOT NULL,
  `item_code` varchar(50) NOT NULL,
  `lending_qty` int(11) NOT NULL,
  `uom_code` varchar(50) NOT NULL,
  `borrower_name` varchar(200) NOT NULL,
  `dept_code` varchar(50) NOT NULL,
  `lending_note` text DEFAULT NULL,
  `return_note` text DEFAULT NULL,
  `return_qty` int(11) DEFAULT NULL,
  `return_date` date DEFAULT NULL,
  `entered_nip` varchar(50) NOT NULL,
  `warehouse_code` varchar(50) NOT NULL,
  `status` varchar(50) NOT NULL
) ENGINE=InnoDB DEFAULT CHARSET=utf8mb4;

-- --------------------------------------------------------

--
-- Struktur dari tabel `material_issue`
--

CREATE TABLE `material_issue` (
  `doc_no` varchar(50) NOT NULL,
  `entri_date` date NOT NULL,
  `posting_date` date NOT NULL,
  `applicant` varchar(50) NOT NULL,
  `dept_no` varchar(50) NOT NULL,
  `project_no` int(11) NOT NULL,
  `memo` text NOT NULL,
  `confirmation_code` varchar(50) NOT NULL,
  `post` varchar(50) NOT NULL,
  `item_code` varchar(50) NOT NULL,
  `warehouse_code` varchar(50) NOT NULL,
  `uom_code` varchar(50) NOT NULL,
  `transaction_qty` int(11) NOT NULL,
  `reference` varchar(200) DEFAULT NULL,
  `reason_code` varchar(50) NOT NULL,
  `description` text NOT NULL,
  `created_by` varchar(50) NOT NULL
) ENGINE=InnoDB DEFAULT CHARSET=utf8mb4;

--
-- Dumping data untuk tabel `material_issue`
--

INSERT INTO `material_issue` (`doc_no`, `entri_date`, `posting_date`, `applicant`, `dept_no`, `project_no`, `memo`, `confirmation_code`, `post`, `item_code`, `warehouse_code`, `uom_code`, `transaction_qty`, `reference`, `reason_code`, `description`, `created_by`) VALUES
('MI01-0222060001', '2022-06-10', '2022-06-13', '1302194089', '0', 0, '-', '0', '0', '0', '0', '0', 0, '0', '0', '0', '0');

-- --------------------------------------------------------

--
-- Struktur dari tabel `mi_no`
--

CREATE TABLE `mi_no` (
  `doc_no` varchar(50) NOT NULL
) ENGINE=InnoDB DEFAULT CHARSET=utf8mb4;

--
-- Dumping data untuk tabel `mi_no`
--

INSERT INTO `mi_no` (`doc_no`) VALUES
('MI01-0222060001');

-- --------------------------------------------------------

--
-- Struktur dari tabel `project`
--

CREATE TABLE `project` (
  `project_no` varchar(50) NOT NULL
) ENGINE=InnoDB DEFAULT CHARSET=utf8mb4;

-- --------------------------------------------------------

--
-- Struktur dari tabel `received`
--

CREATE TABLE `received` (
  `received_code` varchar(50) NOT NULL,
  `arrival_date` date NOT NULL,
  `po_number` varchar(100) NOT NULL,
  `vendor_name` varchar(255) NOT NULL,
  `item_code` varchar(50) NOT NULL,
  `qty` int(11) NOT NULL,
  `uom` varchar(100) NOT NULL,
  `warehouse_code` varchar(100) NOT NULL,
  `location` varchar(200) NOT NULL
) ENGINE=InnoDB DEFAULT CHARSET=utf8mb4;

-- --------------------------------------------------------

--
-- Struktur dari tabel `uom`
--

CREATE TABLE `uom` (
  `uom_code` varchar(50) NOT NULL,
  `uom_name` varchar(200) NOT NULL
) ENGINE=InnoDB DEFAULT CHARSET=utf8mb4;

--
-- Dumping data untuk tabel `uom`
--

INSERT INTO `uom` (`uom_code`, `uom_name`) VALUES
('PC', 'Piece'),
('PK', 'Pack');

-- --------------------------------------------------------

--
-- Struktur dari tabel `user`
--

CREATE TABLE `user` (
  `nip` varchar(20) NOT NULL,
  `name` varchar(200) NOT NULL,
  `password` varchar(200) NOT NULL,
  `warehouse_code` varchar(50) NOT NULL,
  `role` varchar(200) NOT NULL
) ENGINE=InnoDB DEFAULT CHARSET=utf8mb4;

--
-- Dumping data untuk tabel `user`
--

INSERT INTO `user` (`nip`, `name`, `password`, `warehouse_code`, `role`) VALUES
('098', '098', '$2y$10$fPLs1WehbG/uA9IDpjCETOTPWaZASpG1KOT36CtyqS5ocl4mwQfru', 'BYP0-3-07', '1'),
('123', '123', '$2y$10$sK6gAghut3iYcihgnEKVJO5bLx7zIrM4/cYpsewmTT45ZXI5UYVei', 'BYP0-3-01', '2'),
('1302190002', 'Rizal Maidan', '$2y$10$yItqT1TsXY1VQeo6iWeraOUyo5BXo3TYxjmiZJec4Ai.Vd8G/f3vu', 'BYP0-3-01', '1'),
('1302194089', 'Gilang Gumelar', '$2y$10$Ls2YYTp.nnMtl5cMBUpoFus9q9A7DAexxuIVy5n1jWlbxAjtBzeDy', 'BYP0-3-01', '1'),
('456', '456', '$2y$10$ul4vu4Ge6J9zmHYlgKrzou4Jh68YKgm6fLB4HbrHdASqdD3g9K61q', 'BYP0-3-01', '3');

-- --------------------------------------------------------

--
-- Struktur dari tabel `warehouse`
--

CREATE TABLE `warehouse` (
  `warehouse_code` varchar(100) NOT NULL,
  `warehouse_name` varchar(200) NOT NULL
) ENGINE=InnoDB DEFAULT CHARSET=utf8mb4;

--
-- Dumping data untuk tabel `warehouse`
--

INSERT INTO `warehouse` (`warehouse_code`, `warehouse_name`) VALUES
('BYP0-3-01', 'MAIN WAREHOUSE'),
('BYP0-3-02', 'LUBRICANT'),
('BYP0-3-03', 'BATU BRICK / CASTABLE'),
('BYP0-3-04', 'QUALITY CONTROL WHS'),
('BYP0-3-05', 'SHE WHS'),
('BYP0-3-06', 'HRGA WHS'),
('BYP0-3-07', 'POWER PLANT HOUSE'),
('BYP0-3-08', 'QUARY WAREHOUSE'),
('BYP0-3-09', 'PROJECT WAREHOUSE'),
('BYP0-3-10', 'CEMENT MILL CHEMICAL WH'),
('BYP0-3-11', 'EX PROJECT WH');

--
-- Indexes for dumped tables
--

--
-- Indeks untuk tabel `department`
--
ALTER TABLE `department`
  ADD PRIMARY KEY (`dept_code`);

--
-- Indeks untuk tabel `history`
--
ALTER TABLE `history`
  ADD PRIMARY KEY (`id`);

--
-- Indeks untuk tabel `history_transaction`
--
ALTER TABLE `history_transaction`
  ADD PRIMARY KEY (`id`);

--
-- Indeks untuk tabel `issued`
--
ALTER TABLE `issued`
  ADD PRIMARY KEY (`issued_code`);

--
-- Indeks untuk tabel `items`
--
ALTER TABLE `items`
  ADD PRIMARY KEY (`item_code`);

--
-- Indeks untuk tabel `lending`
--
ALTER TABLE `lending`
  ADD PRIMARY KEY (`lending_no`);

--
-- Indeks untuk tabel `uom`
--
ALTER TABLE `uom`
  ADD PRIMARY KEY (`uom_code`);

--
-- Indeks untuk tabel `user`
--
ALTER TABLE `user`
  ADD PRIMARY KEY (`nip`);

--
-- Indeks untuk tabel `warehouse`
--
ALTER TABLE `warehouse`
  ADD PRIMARY KEY (`warehouse_code`);

--
-- AUTO_INCREMENT untuk tabel yang dibuang
--

--
-- AUTO_INCREMENT untuk tabel `history`
--
ALTER TABLE `history`
  MODIFY `id` int(11) NOT NULL AUTO_INCREMENT;

--
-- AUTO_INCREMENT untuk tabel `history_transaction`
--
ALTER TABLE `history_transaction`
  MODIFY `id` int(11) NOT NULL AUTO_INCREMENT, AUTO_INCREMENT=328;
COMMIT;

/*!40101 SET CHARACTER_SET_CLIENT=@OLD_CHARACTER_SET_CLIENT */;
/*!40101 SET CHARACTER_SET_RESULTS=@OLD_CHARACTER_SET_RESULTS */;
/*!40101 SET COLLATION_CONNECTION=@OLD_COLLATION_CONNECTION */;
